{
    "camera_matrix": [
        [
            876.729798449664,
            0.0,
            642.6927272683284
        ],
        [
            0.0,
            876.6619303171746,
            359.6186292176768
        ],
        [
            0.0,
            0.0,
            1.0
        ]
    ],
    "dist_coeff": [
        [
            -0.16039685935288364,
            0.3584828372618516,
            0.0036497492500935434,
            0.0006590784868326782,
            -0.3200708216569677
        ]
    ]
}